{
    "rot_xyz2XYZ": [
        [
            -0.01459,
            -0.9353,
            0.35355
        ],
        [
            0.92362,
            -0.14805,
            -0.35355
        ],
        [
            0.38302,
            0.32139,
            0.86603
        ]
    ],
    "rot_XYZ2xyz": [
        [
            -0.01459,
            0.92362,
            0.38302
        ],
        [
            -0.9353,
            -0.14805,
            0.32139
        ],
        [
            0.35355,
            -0.35355,
            0.86603
        ]
    ]
}